source_id,target_id
469,856
417,437
735,1012
568,606
259,494
414,139
433,152
976,1074
776,720
812,148
911,127
1126,1018
477,572
986,715
857,564
927,1074
1104,441
732,798
877,435
648,1100
386,1100
218,469
1021,564
243,233
1078,546
407,341
128,926
1069,726
1014,790
838,564
1090,785
1126,213
515,59
695,929
1045,224
1132,903
862,1042
277,123
920,229
161,177
815,701
1065,849
695,1050
834,162
949,637
720,814
355,164
360,242
948,678
67,929
186,126
365,357
120,526
3,944
362,59
680,634
588,1045
563,988
857,940
631,634
235,368
923,513
680,755
685,1099
927,632
130,59
324,827
759,1
62,827
625,940
246,126
564,930
399,368
559,357
1123,399
724,653
420,427
213,1117
368,8
896,127
87,483
185,1018
997,704
553,956
1120,774
834,417
958,1126
1,564
1014,469
530,127
967,128
479,310
547,481
963,130
474,905
964,769
372,894
875,431
731,948
986,420
999,847
61,564
135,513
195,564
625,148
1067,493
404,903
409,1018
624,152
696,28
672,839
259,441
302,1040
1002,485
1081,549
845,272
55,116
775,442
931,726
549,395
736,450
474,221
135,526
671,506
8,162
1127,493
717,329
648,229
892,855
386,229
293,1
1003,1100
930,329
637,979
434,162
1014,737
986,904
526,919
452,933
815,756
1110,152
485,329
151,712
1033,1100
1053,557
442,632
185,481
381,127
644,766
105,229
1120,695
1058,756
139,715
1121,287
1047,109
1133,526
1098,276
1022,695
134,758
190,1067
336,1121
427,485
352,836
775,939
1095,126
939,1047
151,28
1009,59
1062,888
229,887
475,125
912,126
325,595
1100,362
122,680
552,493
290,493
882,139
524,431
124,726
251,767
484,480
966,483
384,1067
883,485
84,775
621,485
502,1022
560,475
152,680
927,942
61,498
715,1022
792,717
195,498
921,1127
281,272
695,784
1130,483
151,162
455,1068
432,855
755,542
407,1027
162,442
1017,956
823,1127
531,955
506,632
817,265
844,368
474,1094
835,319
614,1074
810,491
925,441
923,368
372,265
864,727
318,968
578,104
827,1074
832,923
1014,671
81,466
554,915
956,437
919,784
638,276
128,928
811,167
1089,148
860,325
3,933
826,448
812,513
872,564
1119,441
929,280
1024,59
695,1052
1058,811
1033,229
928,701
271,1111
734,872
169,1063
897,341
714,634
998,164
1084,167
968,221
254,649
502,485
240,714
596,349
501,526
989,280
454,939
266,888
1109,116
563,1111
67,944
1140,634
1131,814
615,483
152,493
725,126
482,368
1002,929
1037,886
957,368
850,242
712,537
772,588
221,714
940,401
620,948
852,59
872,940
1085,1
1059,766
300,485
635,704
678,1074
277,730
967,948
208,896
1047,648
987,368
656,763
1126,712
967,130
271,548
670,782
785,769
804,782
501,1010
50,1074
361,441
251,606
306,276
1137,433
318,781
1001,774
524,849
1069,420
578,1085
218,513
622,1128
756,1128
709,1016
826,369
635,838
850,726
1029,203
1102,718
1047,782
866,441
650,557
606,487
1012,680
84,1085
294,400
60,233
932,162
352,341
1133,152
1014,726
1010,1021
326,325
99,1100
998,1132
214,3
962,162
20,403
669,583
859,680
891,632
705,213
839,442
1114,152
228,59
324,521
926,855
12,929
903,871
317,747
735,506
1128,437
545,116
411,301
450,229
565,704
303,704
547,1101
5,781
944,737
314,304
250,814
448,304
401,229
575,116
838,755
332,129
617,756
61,1063
190,948
1126,404
432,481
504,586
729,704
1002,45
709,466
12,1063
1102,397
734,1
446,766
611,15
144,1074
609,127
550,944
719,487
113,714
1050,1001
888,939
921,887
277,785
1085,995
431,205
501,944
769,466
586,493
976,944
420,726
198,613
814,882
318,715
1073,59
918,939
854,954
771,431
110,914
932,1022
715,1024
572,487
737,783
948,1003
1130,714
1103,59
293,513
1053,238
292,783
1054,611
206,221
949,265
381,747
926,547
127,1096
655,498
125,269
933,671
1046,319
946,152
164,116
428,162
484,966
374,1094
501,152
913,325
954,622
1058,450
205,211
897,1027
850,915
944,550
538,1094
99,229
521,632
409,162
498,877
951,859
218,715
880,1100
1131,682
36,186
354,761
139,772
1130,164
586,1003
331,713
45,127
704,995
1068,454
734,1103
701,926
704,177
891,3
942,988
680,988
437,1001
848,572
774,357
773,169
865,926
419,1068
431,139
854,996
578,832
330,767
1040,634
641,888
1048,229
766,1068
1065,169
15,611
827,526
474,896
720,134
935,59
518,939
755,357
1078,1047
634,67
1050,948
654,948
84,832
60,209
1058,1068
417,483
525,16
352,1027
429,493
919,357
570,203
616,319
843,483
130,547
727,537
797,1010
484,550
465,271
186,856
984,836
1003,849
798,188
967,374
848,948
397,1012
185,109
561,625
827,1010
1135,1126
1014,836
177,635
653,564
1076,667
656,81
465,513
291,104
246,856
615,164
214,1052
811,1042
979,855
1010,205
1111,782
1073,261
598,934
1014,849
384,682
948,495
956,844
634,564
1126,272
768,564
47,767
1024,224
951,914
242,454
261,467
1078,726
407,521
1014,970
260,767
698,441
1001,213
1137,1040
1135,213
377,763
344,357
603,59
525,634
1117,280
406,188
1,368
207,473
931,275
769,213
397,341
880,229
379,701
322,167
718,167
792,116
144,1063
794,162
653,940
422,519
711,127
1010,689
955,753
1046,642
127,601
1014,1104
737,301
67,1001
1034,753
404,357
1025,704
469,715
185,956
854,822
644,1012
399,427
793,583
164,1018
398,956
483,771
557,720
15,437
650,948
928,892
1015,1046
554,422
135,438
773,466
905,127
643,127
895,836
306,441
1008,713
1063,420
130,481
985,766
176,368
943,769
418,130
967,1126
208,1074
855,656
882,493
1102,533
959,713
1014,420
439,189
1052,123
976,1067
724,28
785,718
730,782
31,515
927,1067
1040,944
937,28
1067,552
731,1128
712,849
596,903
59,964
384,495
563,726
948,79
428,272
359,438
718,785
322,785
704,850
998,1068
681,903
839,28
137,510
935,490
1014,783
554,1027
1110,1016
628,747
222,59
719,1094
619,927
428,164
1095,856
729,506
784,213
661,1045
883,1094
578,229
1045,109
972,1028
1096,1094
827,152
773,1084
804,397
391,753
773,855
624,466
211,822
637,930
84,229
59,401
769,39
1050,695
368,109
597,1100
209,466
701,928
835,928
678,944
929,526
122,726
116,948
749,595
969,864
644,1067
495,944
531,638
999,477
200,767
817,177
395,713
436,485
1088,411
724,888
488,123
130,415
954,1121
761,955
332,549
277,613
756,59
596,595
847,177
391,1129
721,775
554,369
727,526
1133,948
374,896
1045,606
1017,773
299,493
395,726
417,485
1011,177
892,714
874,1074
899,609
329,493
860,129
484,552
129,324
872,368
1106,306
1014,717
959,781
614,783
719,799
755,493
435,1040
998,894
235,1100
475,560
163,968
1123,1010
248,517
60,466
1056,956
473,635
987,1085
725,856
1014,730
943,261
3,1100
139,466
873,956
685,676
790,1106
898,905
889,1085
1068,1087
925,513
498,934
895,341
1106,790
930,564
403,1047
67,869
1014,154
431,1001
546,988
1069,1029
71,466
403,939
1127,970
836,3
899,59
375,59
862,177
1063,167
448,537
856,1042
597,1047
287,67
297,526
756,811
1083,940
310,953
152,781
537,1117
1015,927
798,929
1118,116
722,116
834,357
259,126
228,547
1131,55
310,1074
656,701
331,904
523,1074
817,1063
550,948
1063,301
737,774
1098,753
575,483
984,422
827,704
832,782
474,1074
634,1063
1016,1128
1014,301
1029,1067
847,1063
976,948
1067,312
1023,242
1093,944
1014,422
656,714
675,956
793,948
553,441
1012,726
888,956
55,164
968,656
862,903
461,559
1131,310
732,564
272,1074
827,1067
835,433
105,1082
950,908
721,1085
242,1087
406,929
1120,272
104,564
235,1047
574,513
1009,441
1050,213
1131,552
1021,680
984,1027
707,224
545,162
913,329
283,162
233,570
352,521
1039,670
989,849
469,59
680,737
237,167
25,513
663,275
1063,919
1095,1100
124,411
707,466
603,116
897,334
448,242
678,933
1137,989
3,242
241,1053
530,927
898,1094
12,1001
39,838
736,766
1085,920
782,882
446,933
50,704
205,349
619,595
435,774
228,481
71,763
669,1126
428,771
543,758
901,466
837,939
123,135
661,713
564,1046
718,466
269,1128
324,835
148,84
621,533
678,1067
122,849
640,546
923,1100
1126,705
475,186
74,1074
220,1128
495,1067
379,892
524,721
904,713
372,1118
785,533
991,601
399,726
3,726
998,762
1017,775
733,1016
519,498
271,433
212,1021
329,374
991,493
581,595
1126,129
336,498
1082,59
1121,953
882,442
804,1017
747,483
904,726
664,485
889,832
483,144
1040,1001
248,506
203,1029
681,1068
695,737
786,1084
877,485
352,334
62,272
895,1027
772,139
414,431
988,437
993,781
217,1085
781,1127
619,45
729,442
379,329
67,737
380,968
1058,617
306,753
994,1127
1063,732
942,671
152,286
966,799
952,901
951,905
1023,781
622,437
756,437
723,260
188,919
761,515
482,1100
525,275
222,466
409,329
840,781
938,1087
957,1100
1008,99
663,330
203,116
144,933
1075,45
1099,631
987,1100
203,466
626,340
1085,625
479,1044
606,856
59,229
999,521
228,415
341,292
468,104
317,874
726,1042
36,595
729,1047
211,1121
1117,634
1113,929
736,942
767,292
109,292
753,128
555,1052
567,123
314,431
169,1016
1117,526
442,882
483,654
1126,989
419,1127
524,426
835,59
124,721
110,557
3,431
8,775
1085,170
844,1047
990,1101
186,781
859,123
1048,59
43,732
244,493
579,483
923,1047
169,319
269,28
399,781
554,426
942,242
551,357
317,190
324,1132
451,419
1089,935
332,727
953,1074
638,16
963,301
400,1127
546,427
614,827
941,956
316,904
130,485
414,15
1007,758
861,438
797,948
839,127
477,448
246,781
315,386
622,1068
768,368
919,537
1014,774
481,45
1093,1067
1055,546
526,727
355,1074
1040,948
635,1128
5,466
830,320
954,615
408,1085
1110,1128
115,45
309,325
1109,903
793,145
261,513
321,564
1042,849
994,1074
859,849
415,1101
224,109
545,164
310,526
1053,836
381,177
482,229
377,701
963,798
448,352
491,988
503,59
575,164
198,177
1003,116
1039,564
292,1044
271,167
125,638
994,498
476,572
715,588
668,513
1100,170
958,989
533,59
271,59
754,930
563,167
685,1096
963,1040
242,526
388,580
123,1063
773,162
70,944
1009,109
707,481
481,892
374,537
993,286
299,134
606,1045
596,357
274,306
45,483
661,715
1024,767
719,427
495,948
944,1040
426,67
1014,466
50,948
838,240
359,242
1040,869
388,714
261,84
725,713
59,889
515,903
549,487
1082,758
467,1128
773,417
1117,944
360,736
946,79
1076,539
713,487
418,81
533,785
1125,431
766,498
898,654
793,1126
956,595
218,400
1009,606
315,454
237,1029
359,726
908,968
548,167
551,438
63,849
624,162
825,152
986,1009
477,637
823,493
1021,737
501,213
858,450
1117,152
301,798
1094,434
815,753
586,930
395,167
551,680
1024,109
927,671
863,915
1014,1084
797,332
1100,104
991,1100
554,1099
469,466
152,301
93,889
487,1045
1102,271
81,892
736,823
899,292
135,1128
661,420
1016,59
723,517
714,926
984,521
700,762
39,1016
1102,513
441,767
812,939
332,487
693,466
636,1127
1078,48
1014,521
1014,292
565,954
129,1067
254,15
1090,287
1017,940
1014,642
967,301
1024,606
731,61
1044,292
1085,293
1137,483
277,1022
850,426
874,783
954,483
1083,368
491,493
661,904
1053,233
1132,526
344,968
997,301
713,542
145,1024
248,442
1048,303
468,482
731,1121
891,319
137,611
276,955
560,485
1047,832
725,781
1093,948
152,919
1118,483
722,483
61,737
360,804
676,781
354,730
539,483
12,737
540,856
834,1074
1114,1128
331,224
485,139
407,448
1004,209
31,1100
193,933
728,45
39,466
997,435
919,781
1023,838
407,340
852,956
272,152
212,515
441,109
1067,1029
485,152
408,1100
728,287
120,404
20,466
378,928
1069,28
372,625
504,515
1018,736
135,123
420,292
984,334
139,767
1028,111
403,59
1067,1042
895,521
243,595
349,762
127,420
626,747
1014,334
890,564
964,513
1029,642
1120,989
1073,914
292,120
433,59
751,634
882,1117
632,942
1103,564
576,1047
549,126
177,483
215,775
306,139
1087,704
949,999
228,485
479,67
859,59
948,1040
1012,301
315,1127
597,59
731,1042
1127,1042
830,1
417,357
324,129
642,704
583,1063
261,1012
830,940
737,712
713,126
625,242
673,956
487,537
627,59
945,368
375,481
669,433
490,956
572,766
1124,47
346,948
508,781
995,1128
998,874
929,774
483,953
550,1128
1142,774
601,127
735,127
105,1128
1034,130
797,1126
580,1128
299,849
8,148
426,432
1061,125
526,784
949,557
847,546
978,1029
164,287
543,320
586,919
419,513
1076,783
634,438
553,513
639,782
330,441
1027,369
850,736
206,634
1073,485
912,567
805,441
755,849
920,162
524,162
235,59
188,213
732,1094
864,1021
895,334
321,513
128,1101
552,116
493,970
950,162
896,1094
583,634
1073,498
407,637
701,855
539,564
986,1024
714,565
928,753
408,229
427,242
850,1099
848,272
696,632
980,162
314,301
926,1094
282,763
115,357
78,704
978,466
176,1047
537,989
293,134
707,417
1068,625
176,229
1095,233
71,701
1098,275
213,1050
560,340
152,774
707,767
872,1100
1091,235
493,286
963,989
880,466
527,836
169,1128
1067,292
67,1117
616,127
220,127
1085,1100
661,772
375,415
504,825
433,127
696,995
999,767
541,1121
1090,397
391,130
861,79
726,120
541,74
835,292
804,713
427,726
862,654
1025,123
944,989
649,546
506,726
277,903
640,726
1014,644
50,1126
242,1067
388,1121
1126,67
15,1024
473,441
442,1128
970,493
785,713
707,1022
215,1085
377,329
817,601
951,601
932,322
1094,128
1137,727
943,1127
676,783
891,671
1018,483
803,329
524,914
145,329
508,152
873,775
386,162
360,927
481,399
554,914
404,152
309,329
804,271
854,388
707,109
753,979
539,498
898,1074
898,845
548,466
1106,730
887,1100
461,699
189,240
552,292
804,513
55,654
60,769
663,510
897,448
1017,513
670,176
955,574
734,1100
533,292
452,1121
1011,856
785,513
551,1100
912,59
1029,644
1118,164
932,940
261,772
715,713
873,104
1045,588
530,933
467,59
782,888
872,1047
1046,934
958,67
932,832
627,987
948,1042
1127,1044
208,1003
1020,881
643,177
803,129
753,537
1085,1047
969,1101
442,123
829,532
862,480
853,889
209,595
938,704
532,16
714,996
79,485
874,948
1135,989
139,1024
161,783
1009,126
501,1117
477,265
12,431
617,16
923,59
792,771
1046,129
321,368
920,956
323,966
240,968
269,437
921,134
793,1117
526,773
1039,126
823,242
164,1094
1117,948
220,437
973,940
701,481
1014,712
40,506
1123,884
998,1118
1111,766
87,968
352,448
991,849
372,548
827,1128
352,340
1014,725
502,513
1021,849
773,784
1067,736
1015,546
930,438
1069,782
884,736
856,903
823,726
1014,28
988,564
485,438
135,59
949,572
79,164
1094,438
1025,567
771,162
979,1094
482,59
1065,905
3,61
476,510
1142,334
980,272
696,513
861,55
849,755
115,238
680,919
799,116
515,357
989,213
1063,162
727,213
773,329
238,988
980,164
914,39
398,940
953,933
1014,162
754,989
859,1042
523,827
479,3
431,1009
164,894
398,832
1012,466
967,989
695,301
287,1001
775,1
754,1110
215,832
1063,404
1044,162
261,948
732,304
775,940
286,712
269,1068
897,637
899,417
1014,404
212,948
232,368
939,1
242,827
948,989
60,261
953,1067
280,301
1034,763
596,766
386,956
578,1126
282,81
1085,176
1100,713
487,715
428,1074
925,1126
701,415
346,1126
1061,1108
775,485
1014,767
1053,466
297,1126
446,431
749,203
988,485
616,613
409,1074
519,680
123,680
1014,888
1069,595
761,442
411,329
1094,130
1090,654
856,487
718,782
855,1016
426,839
1018,485
555,495
315,513
774,798
314,1042
966,968
988,498
198,1096
492,1085
550,272
1014,901
436,924
682,162
642,1029
246,1029
628,1094
1094,601
203,164
1063,1022
438,970
661,224
850,914
349,632
352,637
31,996
1094,493
685,968
3,116
113,513
723,442
609,1094
170,229
557,638
1020,399
185,766
954,45
419,704
1110,329
554,340
292,340
280,1040
798,737
1142,510
379,753
222,769
1121,572
188,404
427,420
349,766
951,1100
322,340
1045,469
884,1046
925,1047
768,1100
1069,45
1081,513
126,549
728,654
891,123
1042,292
381,546
565,1121
766,357
1063,580
397,756
242,882
448,721
303,74
1003,714
1111,513
189,726
549,251
1126,3
723,1047
186,613
1120,188
715,139
260,498
124,903
20,28
689,123
754,252
527,1027
570,431
933,483
1078,349
976,301
1053,521
879,368
1100,1010
1056,940
299,732
1033,956
804,904
869,67
862,1074
1140,301
443,1127
635,1068
251,139
454,498
712,1022
467,437
637,848
860,139
87,152
221,152
228,1094
919,948
924,1026
1014,956
527,572
1100,205
549,856
1003,272
31,930
276,209
469,109
969,432
325,101
1103,368
1003,164
607,164
557,572
368,1087
261,466
882,1042
888,564
781,438
948,615
794,148
391,926
1128,438
1067,162
918,564
992,513
1014,272
904,400
730,513
943,513
1058,988
1140,798
653,939
1126,634
1014,164
349,942
1050,989
1048,162
836,242
1140,919
579,357
973,513
116,1121
768,1047
1044,164
259,123
154,595
768,229
1076,116
865,1101
502,1012
1140,1040
111,1127
477,430
1010,930
380,763
1016,186
606,59
551,123
888,940
1102,640
969,1050
1104,420
892,537
998,704
492,832
404,948
115,845
299,437
963,188
1042,481
1014,648
766,546
580,127
917,715
375,432
110,915
751,948
355,948
608,1128
737,784
322,542
927,127
450,956
926,656
766,438
925,431
1095,613
699,613
1081,715
946,261
725,1016
962,205
1132,882
873,887
998,1067
671,672
1101,485
362,1085
682,272
398,513
991,1027
755,1016
573,221
215,513
1029,272
588,1024
1119,431
725,1029
551,849
317,682
839,498
737,221
1117,213
1113,737
669,989
774,1042
1011,726
1102,319
832,229
862,108
242,400
1073,557
549,1045
282,701
636,704
212,871
671,927
294,940
643,1094
984,340
720,1
169,127
329,116
96,588
989,162
644,127
1113,1100
483,933
1018,45
987,466
111,832
12,301
292,355
359,116
930,1100
815,130
938,466
997,1046
656,753
152,725
1127,109
261,1126
889,466
989,404
1087,939
517,823
713,469
129,189
198,548
1006,987
1126,1052
99,956
78,79
919,695
487,772
1047,880
193,968
948,120
941,1127
242,1126
801,595
508,1016
649,726
25,81
866,431
626,190
108,1018
1135,67
772,15
894,944
218,395
322,718
1062,491
701,485
417,726
991,732
865,364
317,495
1001,1127
550,437
613,493
637,850
852,775
287,737
626,203
378,855
50,272
93,871
1027,483
1101,432
517,152
128,1094
1007,16
709,322
15,399
810,670
773,1017
713,737
759,1082
892,968
465,635
895,448
988,676
542,855
941,564
1001,1140
519,1100
12,1040
731,498
895,340
1078,956
1009,856
107,1
161,466
391,928
152,417
991,169
294,995
604,928
939,918
713,1100
1120,929
261,939
1083,1047
329,1110
359,989
1024,588
862,526
113,933
1104,59
81,1129
984,637
552,485
1014,287
705,929
476,1106
1002,169
503,485
561,655
189,783
872,59
409,1052
775,126
976,116
799,483
374,721
927,116
533,485
784,67
271,485
362,832
967,188
834,827
728,1074
266,491
352,265
775,368
926,537
986,588
862,781
545,1074
182,1022
859,712
368,889
1012,725
1015,242
927,129
904,1128
1014,771
596,1012
849,438
948,188
1039,306
880,956
575,1074
941,148
1130,1067
701,432
733,613
855,81
366,1085
526,1074
760,1012
1068,1128
1124,471
430,319
695,213
77,1103
1042,28
469,395
951,849
835,903
527,521
420,395
510,325
942,736
735,672
303,749
1015,726
724,513
663,274
362,1100
315,988
277,467
461,1042
1039,790
276,508
130,979
1014,208
601,564
675,513
1093,272
644,934
74,1047
1091,162
127,644
852,1085
714,855
888,513
753,59
1014,329
945,229
895,637
719,411
932,704
104,1047
400,1045
918,513
1014,450
524,357
804,640
1011,152
586,417
259,59
104,939
644,129
468,398
530,1047
134,1047
1102,455
501,989
274,532
664,229
3,483
606,224
87,827
804,653
31,437
77,782
941,887
1123,635
1100,880
928,130
162,368
681,704
483,948
163,714
1085,235
955,125
1075,944
889,939
827,61
20,261
242,1128
1059,1121
513,130
468,653
533,782
220,322
724,84
427,1029
912,549
516,549
490,1085
751,1126
479,667
116,615
1023,767
238,726
527,334
315,680
894,1067
997,485
950,144
1014,1068
1014,839
714,547
1017,319
31,1042
345,680
111,513
790,47
862,152
3,162
996,152
849,856
62,513
860,493
521,1027
712,329
698,431
417,152
61,1042
377,753
485,552
573,399
297,272
1014,1081
926,968
375,1094
318,560
494,1045
506,116
775,920
671,45
362,229
749,638
1027,848
110,422
151,948
567,109
804,466
25,701
61,129
317,55
621,466
954,346
546,292
942,1046
1014,397
1029,934
564,1100
414,109
925,59
228,656
1016,177
360,546
678,1121
1039,1100
617,1111
854,1054
377,1129
50,771
177,546
476,1108
586,485
1109,526
483,1003
502,1016
920,775
1028,537
446,1121
50,1121
661,1009
1113,123
825,1117
102,493
145,1129
336,431
243,203
322,533
979,537
327,611
220,485
940,811
110,1027
287,431
433,485
636,319
567,485
1046,419
598,966
109,546
250,485
269,498
1076,483
955,422
614,129
597,485
485,15
1130,948
579,1074
641,491
632,442
888,368
915,242
115,152
675,260
817,609
113,493
696,319
627,485
852,832
414,606
483,211
918,368
938,1020
1015,715
624,564
539,493
310,404
865,892
213,737
130,968
848,430
1113,849
232,1100
786,454
557,631
815,926
47,1054
427,292
325,510
944,784
211,933
998,495
368,99
290,408
818,564
904,567
515,526
852,148
709,513
574,59
221,695
519,123
384,164
678,116
669,67
321,1047
283,526
746,287
1002,213
1076,162
164,1063
673,940
294,126
963,221
39,1068
803,3
144,1121
866,59
418,1101
726,988
433,177
784,929
321,939
649,704
62,944
552,771
823,1042
224,713
532,829
769,513
380,701
490,832
1004,1053
855,701
151,319
285,319
615,948
515,1010
814,111
1010,989
774,712
237,773
638,1117
218,494
1058,242
667,357
962,948
557,1128
555,301
818,940
720,368
613,242
50,1068
475,537
213,537
581,704
283,1010
283,781
1084,766
598,1021
45,1074
205,1063
122,274
860,240
1109,944
713,715
1007,704
654,1074
354,782
490,148
120,1140
953,552
177,856
355,1128
983,431
644,736
624,498
1098,125
769,889
392,148
834,1018
699,564
729,672
863,901
751,431
968,954
756,546
613,726
676,28
874,272
567,1024
914,839
482,162
979,968
3,164
775,680
808,39
950,388
96,513
863,914
999,280
43,357
232,1047
634,798
1014,265
329,162
162,988
303,927
671,1094
232,229
1128,552
524,293
212,930
303,1048
301,221
917,224
989,329
1068,622
836,1053
755,162
701,1094
995,1046
879,1100
753,466
634,1040
968,162
942,927
74,1117
1063,399
233,881
937,933
513,871
944,1094
1054,471
212,125
434,763
129,127
836,477
428,948
706,404
1024,713
344,954
545,944
696,884
840,340
1045,772
1017,939
346,771
411,1129
638,125
890,1100
379,130
771,654
1053,340
707,1127
829,595
163,771
218,441
228,1129
823,292
575,944
451,420
881,233
1103,1100
271,718
675,1067
530,420
669,727
1101,128
1056,880
817,369
1001,944
1102,767
1014,883
563,718
205,1010
661,1024
912,606
1091,837
1124,233
193,101
620,205
1084,1063
578,437
574,732
627,595
16,441
976,483
1014,775
1058,781
856,832
840,595
895,265
855,1132
927,483
426,955
753,855
608,437
1068,1132
713,904
503,1094
704,1084
938,1022
996,438
314,111
346,329
62,570
962,332
681,319
1118,1074
1034,437
185,640
1131,784
1029,736
265,340
844,956
775,856
718,322
198,286
815,928
510,329
997,676
1024,513
148,879
1008,276
301,1094
574,169
736,756
928,926
974,1042
306,125
242,635
1114,564
546,1046
811,526
161,417
790,588
526,515
825,811
1050,929
181,251
879,1047
951,169
161,767
675,988
1083,59
766,123
1131,221
792,526
714,1101
920,940
555,61
852,513
325,767
62,1067
1015,167
299,485
15,726
920,832
668,59
991,712
875,766
875,537
135,498
1050,1063
1070,483
968,701
395,1068
949,422
450,775
753,547
641,77
1088,537
705,1001
1140,404
242,1011
873,814
1021,712
224,139
957,956
303,203
1056,935
968,822
105,1127
1103,229
950,953
898,763
116,498
718,832
883,1128
789,712
987,956
1009,715
71,432
568,1009
1096,1128
208,437
920,148
1130,1126
560,781
508,325
1022,546
648,564
980,1074
773,1010
995,564
673,513
767,148
40,48
685,1018
812,564
490,513
624,513
43,467
860,726
306,1106
832,398
441,513
105,564
707,632
1114,498
1014,1085
580,564
557,580
767,161
1126,737
899,280
823,736
212,811
873,1082
93,1119
1046,744
266,1047
625,162
1085,857
238,167
116,177
648,940
104,59
1131,1094
238,59
782,940
1014,280
241,293
344,714
1025,109
407,999
62,1001
406,774
506,483
555,116
128,537
386,832
565,1063
559,989
134,59
3,771
812,940
736,127
432,130
277,781
762,301
636,1128
753,481
935,229
632,420
403,368
494,715
1024,715
292,766
624,1010
704,481
547,763
371,537
45,1010
375,656
650,595
545,1067
1067,654
962,1126
203,1074
222,1087
274,725
711,726
912,487
640,28
586,960
149,730
648,148
300,1128
696,1128
386,148
575,1067
248,672
1012,839
354,839
948,302
581,1003
884,775
774,903
656,130
737,1021
955,426
110,334
60,513
858,493
214,162
40,1029
329,903
381,1093
995,498
1025,606
161,272
713,785
105,148
643,726
541,678
546,1022
1014,1127
16,564
1014,898
1098,303
287,798
755,903
347,849
391,855
501,498
914,896
229,564
537,680
426,849
1102,1132
1009,904
954,968
429,329
731,667
287,919
404,272
552,399
1044,1127
598,286
408,162
380,329
1014,1140
561,111
810,1081
120,634
433,1094
720,104
176,162
214,417
384,1094
773,152
1012,397
1094,732
958,1100
63,221
436,466
546,109
932,1047
70,116
1068,450
541,933
649,466
1091,518
531,632
438,404
715,123
185,1126
753,415
102,1128
388,933
840,276
606,109
271,533
1127,454
360,726
487,767
654,944
5,498
552,667
598,783
1033,940
563,533
678,483
1002,580
737,1063
964,59
1095,542
537,251
290,1017
973,1047
959,883
1033,832
526,1001
860,123
195,901
79,726
251,15
1003,1074
1042,773
1014,940
494,904
681,242
1094,411
259,549
1085,362
1095,784
465,617
1067,722
537,493
368,721
1014,1061
123,624
128,968
1014,832
527,448
771,1074
346,144
1034,481
576,606
1135,304
185,455
759,956
606,485
188,1140
1014,953
915,422
903,856
707,392
1028,972
539,781
1014,1074
620,625
1111,1128
384,799
277,636
786,513
920,513
524,513
959,441
1014,148
718,271
797,564
626,682
695,287
956,1082
598,583
185,939
275,1098
1123,441
1004,749
737,634
561,408
736,934
1028,59
1029,927
641,1047
718,513
811,704
737,526
798,213
560,341
631,221
1046,988
705,695
302,948
930,1042
1095,355
523,129
120,944
211,537
990,275
1014,632
1014,403
301,467
144,483
736,129
1094,1042
804,943
212,1068
637,537
1005,704
375,537
545,948
892,763
391,481
914,293
1084,704
275,306
1108,1061
1006,1050
524,781
539,123
717,129
1090,640
682,1074
575,948
198,732
622,242
1014,766
408,956
12,727
848,999
483,312
292,781
517,1128
1029,485
826,422
299,905
1106,476
808,782
701,656
453,325
962,431
406,213
700,431
860,420
1118,944
176,956
578,441
280,784
948,654
222,513
769,948
547,81
915,477
865,656
20,564
1090,1003
942,839
1021,903
715,567
401,148
648,513
1131,667
1120,737
622,726
369,280
407,572
145,572
527,637
203,513
198,169
1090,1016
1121,329
699,1094
774,221
897,557
269,988
530,1029
1022,737
1069,260
995,45
329,221
826,1027
549,224
848,557
927,850
220,988
1125,1094
521,162
493,329
655,162
705,737
74,116
640,756
1052,737
969,968
260,242
432,763
858,1100
493,221
352,999
713,224
164,948
551,162
454,229
1094,855
762,116
189,483
238,116
706,221
243,948
1101,979
430,811
1132,329
526,519
888,1100
74,129
695,705
927,45
832,939
371,352
238,466
711,420
272,989
1029,177
953,1121
712,766
1023,399
87,714
1052,1100
785,756
1024,772
664,466
898,404
292,823
737,944
465,485
869,1100
1082,1100
189,28
1140,287
654,1067
404,1121
891,485
1142,67
949,426
384,654
998,59
205,948
554,836
428,431
980,944
1104,485
28,726
794,939
352,557
1014,942
1101,537
330,431
454,726
211,968
1014,1063
954,783
805,431
189,162
526,1016
1,111
1014,16
704,1022
126,1045
1048,832
578,617
643,1012
374,329
86,1094
375,968
442,729
934,437
409,552
1123,1127
937,442
1069,1012
1132,1068
378,1094
959,322
426,1027
861,164
776,322
282,753
213,919
426,209
1140,784
216,399
560,209
944,1074
994,437
880,564
1048,148
1067,161
213,1040
1033,513
565,933
129,1046
1127,148
336,292
1003,526
1014,392
15,772
235,775
1014,513
1137,583
130,466
434,877
107,482
888,1047
731,1100
1001,695
696,59
1028,532
1014,634
948,280
733,126
540,485
839,1047
1140,221
492,939
753,714
918,1047
1014,526
543,123
880,940
966,714
721,129
614,3
712,1063
188,1063
152,1140
414,588
259,485
479,717
419,437
792,948
608,1127
890,59
451,655
1026,886
1096,127
1082,229
994,116
978,1074
650,720
685,714
243,332
1046,427
624,438
761,672
991,905
903,1021
400,437
107,1087
1014,1010
365,564
621,261
1118,1067
1104,903
307,330
205,319
578,564
616,856
624,680
127,399
880,148
943,433
1022,726
727,1074
469,513
904,441
986,251
148,872
1063,205
839,726
1042,1085
849,919
84,564
836,162
574,162
689,903
455,736
229,918
619,349
723,672
145,695
712,513
414,856
391,1101
537,926
1101,968
554,341
399,467
218,126
949,1099
360,704
39,1063
555,162
1061,559
188,634
317,1044
1110,680
661,588
1091,401
490,935
729,988
322,341
845,116
578,1
712,755
693,513
1009,224
31,542
578,940
884,229
79,704
120,1001
244,542
598,774
747,116
626,55
655,756
620,240
518,229
1003,944
473,715
547,701
533,766
564,116
426,411
1069,517
50,1063
707,1067
862,712
286,1010
286,781
432,81
248,260
381,1018
274,663
769,871
502,261
170,956
588,715
712,1010
619,28
63,601
1028,721
491,782
292,1067
442,368
925,485
572,1121
345,435
565,667
994,292
624,493
808,839
1014,944
981,767
189,272
526,1126
39,513
980,1067
443,1128
1071,431
1001,1126
1044,944
815,855
498,919
615,272
726,783
705,431
1078,942
352,572
883,437
360,167
769,1126
20,513
1131,953
99,513
203,570
406,404
967,737
1052,552
494,224
576,34
834,329
784,737
701,968
998,437
948,845
714,678
277,640
954,101
1014,152
432,928
1040,784
438,221
861,287
731,968
712,689
785,450
232,466
583,989
718,625
468,450
932,59
849,61
766,292
115,712
455,1046
1009,400
730,756
331,1010
243,1126
871,466
941,939
1101,928
139,251
682,944
1048,513
126,726
1102,749
656,928
482,775
912,588
1039,400
903,539
730,59
737,1001
570,595
506,839
640,1068
87,1121
574,485
188,944
71,130
866,364
943,59
635,1111
129,485
984,999
929,1063
344,144
941,134
827,1052
109,772
436,901
527,265
866,485
1117,67
1087,1127
240,437
973,59
1040,1052
135,680
699,493
368,888
776,713
473,904
55,162
834,129
944,526
1014,999
799,1074
205,1126
1117,188
769,939
1113,712
826,426
430,426
896,1128
734,837
990,763
477,915
1022,715
998,129
1118,948
1025,720
502,450
667,783
1076,722
224,442
303,506
817,956
588,904
300,437
439,781
384,845
326,611
364,866
768,956
699,856
877,1128
858,849
847,956
967,1021
912,856
533,271
956,1128
1015,725
1114,438
503,513
403,1100
1022,849
1020,510
978,513
228,466
1065,145
139,882
271,513
398,59
554,572
1114,680
880,513
1012,632
929,634
1126,919
193,714
871,400
1113,162
1016,229
331,126
798,272
113,169
930,162
1126,1040
50,1052
573,827
254,293
1090,565
1131,108
998,747
537,123
502,1068
1102,804
895,999
50,944
530,349
955,1050
1113,404
399,832
1094,162
810,403
815,481
493,467
314,953
892,701
135,493
74,483
850,704
299,601
478,832
588,475
431,720
835,581
619,956
603,948
966,771
102,437
513,8
291,1127
728,1128
979,481
238,483
1014,704
728,310
3,1074
941,1128
705,1117
242,1127
235,148
276,186
1073,466
949,430
414,537
340,322
980,948
513,250
399,148
836,903
839,420
970,903
579,1018
976,654
482,1085
306,1088
1063,1067
526,1128
419,736
1001,1128
113,437
830,721
123,859
1040,302
1014,1067
711,1029
654,495
254,790
736,564
331,744
983,441
895,557
903,152
913,611
863,790
773,79
319,397
277,400
1001,431
519,162
634,903
928,855
530,28
1065,1126
578,513
1073,721
963,849
949,914
169,988
967,968
948,726
973,490
501,680
769,431
70,164
84,513
731,849
781,441
483,747
87,747
958,1040
1104,1094
403,229
432,701
31,357
583,1099
397,680
999,519
434,747
516,1045
1078,260
151,129
968,388
837,1100
1023,324
1133,869
479,116
277,884
269,242
169,304
291,1
826,1099
265,537
399,766
672,632
272,927
62,1117
332,712
216,766
818,1100
775,235
45,655
1059,933
737,882
718,640
365,1010
377,81
261,135
71,240
1126,61
682,1067
998,1044
616,713
671,420
827,933
866,595
857,775
953,483
567,713
754,539
55,272
908,1127
108,1074
625,775
836,729
803,552
852,939
380,1129
466,1132
177,1029
827,357
829,955
727,944
340,498
713,1009
938,1127
695,1140
1068,419
1142,139
880,368
1083,956
919,67
700,437
461,680
323,450
774,1140
940,126
205,431
1046,781
844,832
835,1012
203,506
327,47
332,162
923,832
235,229
1088,145
427,399
994,483
733,856
948,781
1076,966
362,162
1078,1012
517,450
776,152
1025,856
259,1094
990,81
419,1046
1014,438
699,1100
71,979
16,814
1012,513
126,420
468,386
759,104
318,856
998,615
844,148
254,871
524,466
559,689
889,564
603,466
984,572
244,533
837,1047
782,1111
766,349
1029,988
490,939
861,357
733,1111
901,924
1014,572
242,995
914,341
754,123
392,939
627,513
100,767
888,59
898,747
399,1063
915,162
736,419
1140,280
395,126
818,229
452,431
859,526
181,611
1003,948
607,948
1101,59
798,287
915,1101
123,606
188,1001
50,1067
1053,513
246,713
287,714
526,996
918,59
928,481
845,483
578,368
894,116
691,16
1014,935
728,312
526,1117
364,560
565,550
616,781
695,1074
705,301
696,481
715,494
1014,827
635,242
926,714
945,956
1063,948
218,856
973,8
792,1128
1078,704
420,438
714,656
957,148
609,1128
859,1010
293,104
993,1010
1128,417
968,953
835,838
439,838
613,725
731,717
235,513
1126,721
987,148
135,1100
773,1128
1058,28
397,319
315,923
967,849
1053,889
406,287
538,672
1135,433
1014,372
1047,320
625,1085
889,148
815,1101
185,934
978,570
785,441
287,164
760,613
1051,1085
1120,919
1094,903
244,467
321,162
762,164
1017,804
523,3
786,871
827,680
1069,442
747,162
554,521
1133,1100
185,129
1034,1094
538,927
128,763
785,804
477,422
654,55
769,567
510,47
281,483
229,293
699,242
798,221
349,129
242,3
1052,1040
344,953
717,3
1114,1100
682,948
988,466
869,1040
15,1128
968,753
899,882
1014,640
563,704
193,905
1075,61
1024,15
1128,109
216,1010
276,1061
188,948
862,1121
714,240
573,1018
996,1121
1063,882
409,129
130,714
185,613
239,849
1075,1121
1014,882
362,956
293,1085
1075,74
956,648
586,849
997,420
303,726
292,79
803,783
211,908
835,1001
1014,1003
436,1026
1050,431
260,1029
1039,767
451,782
1062,670
872,775
586,152
467,726
549,1024
598,162
1014,77
964,485
545,272
858,732
616,152
404,498
218,1045
524,334
832,450
176,1085
1124,595
251,441
232,162
707,455
994,485
379,855
324,919
575,272
948,783
827,493
1011,1068
1042,152
1014,319
391,1094
12,280
554,334
1004,1028
586,286
116,108
859,152
632,927
126,301
208,1094
670,401
797,856
368,450
104,111
1088,510
372,1094
812,1100
420,761
920,1047
858,169
598,767
1014,682
899,466
501,1100
375,466
848,915
399,823
213,404
540,533
724,879
1085,104
1002,564
420,882
920,939
78,1118
650,526
163,933
282,130
306,487
435,1126
441,123
979,701
874,944
844,513
1014,695
427,1127
709,59
903,827
934,177
815,714
1024,1009
466,718
149,782
904,126
374,1129
1045,1068
1067,827
862,129
110,265
979,714
426,767
481,437
530,595
1095,781
699,781
45,28
883,1127
769,59
1110,123
621,1127
1029,427
266,670
990,701
1014,1058
379,547
940,880
898,883
755,1063
650,781
989,1001
1001,301
931,242
1065,996
756,655
1127,827
804,322
919,1063
685,896
352,915
734,1017
720,1082
429,152
40,1094
1113,784
334,265
726,1018
246,152
564,956
1023,1012
443,437
1054,325
1108,790
1094,892
693,319
1002,1074
785,322
408,564
482,513
958,213
531,671
272,676
957,513
461,1100
303,928
1096,564
845,164
1006,1021
648,1047
386,1047
711,349
530,45
523,1052
774,634
801,508
28,292
415,701
938,513
1001,798
588,400
648,939
152,1001
386,939
747,164
812,1047
759,403
1001,919
784,167
105,1047
254,123
542,755
1012,704
1001,1040
1135,1040
1078,506
240,1127
706,634
1085,401
135,781
214,1074
890,162
840,341
709,1053
707,189
170,775
242,126
408,832
122,438
746,827
634,357
479,483
484,827
811,956
561,1010
506,1074
786,1128
799,1067
379,481
719,1074
746,948
111,437
152,438
176,832
300,1127
293,148
737,1128
759,887
79,1128
776,827
1014,884
860,417
15,325
711,28
676,1010
882,849
995,726
668,368
926,892
1017,485
771,1018
755,1010
727,948
749,441
993,1067
1014,1126
365,680
631,836
442,671
1025,726
285,162
785,485
1014,79
568,487
944,1003
281,164
883,498
1039,782
736,744
161,513
290,398
469,400
978,506
1015,1068
1009,1024
1127,1016
502,927
331,1045
248,1047
384,1093
208,1096
5,242
877,437
557,755
715,109
857,229
1101,855
578,814
163,572
448,704
656,855
250,167
431,242
3,704
488,224
190,301
943,804
1111,617
290,653
1014,455
250,59
628,877
177,712
829,638
797,1100
911,1094
317,355
753,656
701,466
1028,595
632,595
1033,939
193,962
1091,880
769,866
399,1067
774,944
676,823
874,1067
729,420
715,485
467,420
1100,67
865,466
154,1128
135,849
198,905
280,944
292,15
712,1126
404,1010
151,564
715,606
1117,357
506,203
709,74
260,736
855,128
1140,526
163,251
1068,357
151,914
1059,537
696,485
733,781
640,324
414,772
139,567
768,775
515,329
606,713
625,726
817,896
641,670
1045,494
516,904
189,280
309,611
372,896
45,272
1015,773
793,431
306,47
1101,547
894,483
123,1094
283,329
860,606
563,319
725,152
890,485
1111,1127
963,145
1001,437
1042,438
887,564
108,799
755,152
238,1094
835,1084
872,148
20,1100
775,215
127,704
1114,849
503,466
1103,956
1111,322
193,654
673,59
953,1052
533,466
624,59
271,466
574,238
152,1003
96,1108
344,944
450,1047
113,1
882,704
689,1100
904,988
990,274
477,426
1100,1048
102,485
401,1047
894,162
1100,1
508,126
950,996
163,1111
989,695
956,518
99,1126
818,59
737,1117
1062,648
501,123
1110,167
487,713
834,3
799,948
1050,301
860,177
717,357
1099,422
149,839
942,704
1076,704
670,16
883,1063
1110,59
238,773
954,714
384,827
709,129
116,783
113,485
767,1009
384,948
725,1012
939,712
1025,715
144,737
1021,1010
317,894
966,1074
1101,481
1063,189
897,422
1063,1128
1058,784
887,148
656,481
1067,1018
1014,1128
415,274
1140,944
334,322
239,169
734,148
1014,431
501,849
107,400
277,811
929,737
1127,1018
60,59
1111,485
151,177
1126,1022
1121,678
1014,552
596,564
233,926
621,513
610,849
1091,398
1063,565
316,1045
1118,272
722,272
99,1047
1004,924
379,1101
1050,1040
527,999
418,275
927,152
478,814
519,357
128,701
12,526
989,737
213,287
617,111
1140,152
517,927
722,164
99,939
942,167
914,334
1065,732
1078,442
502,1063
1018,162
696,111
596,927
116,704
314,948
107,655
872,229
371,701
211,483
352,422
998,45
1053,506
31,781
3,948
1142,992
1128,1094
586,774
620,129
552,1126
189,1074
170,832
546,823
814,116
898,753
359,704
1099,477
61,1010
429,948
286,1128
661,251
729,422
388,129
615,1074
991,836
736,546
586,1016
1126,243
380,130
929,1126
970,1127
1101,415
789,823
1088,1119
805,767
717,654
1014,123
966,1129
616,1016
676,1067
109,956
134,720
455,546
730,485
606,715
513,487
377,855
1029,781
251,487
344,678
177,272
215,564
724,670
825,493
1059,431
668,775
200,441
644,152
797,431
897,369
943,485
678,968
406,280
989,1126
598,450
598,221
1132,357
628,329
616,1029
810,77
1117,493
120,798
669,1040
433,1029
815,1094
1126,727
596,498
334,498
614,552
292,272
242,680
539,903
632,1094
792,329
827,781
560,437
565,1040
895,915
475,329
1046,1084
481,1046
185,1
773,437
190,116
1089,673
904,856
185,940
78,814
578,1100
344,933
798,1140
213,221
327,471
361,469
1068,856
1104,513
707,59
220,466
244,823
261,238
285,595
920,59
433,466
543,109
248,420
547,753
1120,120
538,933
990,276
250,466
880,1047
676,988
597,466
894,164
161,1067
352,369
177,1011
834,1052
1076,814
59,238
186,1016
724,362
786,1011
407,426
431,783
627,466
718,59
34,595
474,601
406,1140
104,775
1100,16
318,475
768,940
61,849
50,431
898,3
586,145
25,374
871,1068
1017,368
134,775
246,1016
144,968
216,319
428,498
240,676
510,537
768,832
1067,1128
919,1001
775,956
369,39
899,1022
395,442
59,493
78,506
12,152
555,1074
574,1087
415,276
272,493
442,904
634,1074
689,781
711,45
1131,79
635,437
473,109
955,1021
554,448
397,730
768,148
948,1018
849,221
185,995
887,513
432,1101
624,1042
435,877
151,1118
761,1047
48,882
1010,970
485,856
259,513
648,59
1076,506
782,59
386,59
726,164
1018,272
948,213
203,59
673,8
1022,162
1113,280
1075,927
1018,164
78,1003
654,116
521,755
411,129
700,3
918,162
1052,162
481,1127
998,1094
377,481
181,606
974,242
707,127
84,939
211,714
546,704
656,1101
475,760
755,814
713,588
45,129
28,485
551,526
198,896
1082,162
397,59
622,177
434,355
1091,884
774,948
736,427
503,1128
848,116
8,368
164,615
855,240
875,1121
773,1110
1110,466
490,492
858,430
70,1074
359,948
120,437
125,781
617,718
1095,1016
699,1016
873,940
933,954
914,712
513,368
275,725
299,1082
734,1010
1023,884
417,1074
731,712
749,729
437,908
177,45
966,205
277,397
404,438
607,272
543,782
100,441
1062,1081
860,839
767,611
169,167
727,431
218,59
756,1132
492,564
170,513
932,45
689,849
453,47
265,521
1034,968
1020,804
524,637
954,221
427,704
707,987
516,224
873,498
434,1094
506,704
640,704
882,466
539,329
16,59
675,927
124,1053
554,637
1039,386
120,116
1090,617
1095,466
933,404
855,979
122,1128
793,1040
695,882
467,466
193,1129
134,293
485,1045
540,715
572,933
314,1126
244,1067
3,1126
93,790
399,79
1014,877
1100,126
943,408
632,546
931,1108
67,774
1108,475
1014,59
964,238
862,190
485,240
578,431
280,774
439,767
650,721
400,775
224,549
891,1012
989,123
836,847
775,837
1100,368
346,431
477,914
898,944
1104,1012
1126,771
935,8
606,772
1101,714
862,203
108,495
266,1081
839,485
443,485
1004,781
897,426
404,493
359,1016
1135,483
856,1068
391,968
941,617
877,1127
1108,730
827,717
354,39
483,678
1140,948
1083,148
904,442
705,727
292,329
1021,438
508,856
346,565
294,109
634,968
1014,435
730,676
135,466
551,152
850,448
984,448
896,564
610,732
122,123
1082,956
1084,736
235,939
866,513
1014,448
485,1087
526,859
774,695
242,1100
326,47
726,395
74,240
276,1098
87,933
1014,798
380,926
397,866
619,942
768,513
668,1100
1017,988
285,773
789,572
1014,919
467,292
615,944
81,485
450,59
360,1068
352,426
1047,988
945,940
401,59
177,1068
232,775
221,357
610,169
111,485
634,526
933,822
735,349
929,1117
789,814
151,557
932,368
481,432
825,242
541,483
980,116
945,832
1094,632
1056,111
693,59
484,1117
754,712
895,422
292,129
583,601
970,1010
664,940
915,293
1113,537
1001,67
276,306
479,894
823,704
704,1012
526,188
643,773
760,126
720,956
123,737
71,547
287,1074
617,720
1104,838
1016,725
1024,549
537,727
762,1074
238,1074
195,209
1055,1067
814,712
814,483
984,369
772,715
884,956
937,782
1076,1126
553,1085
675,782
274,209
945,148
1024,441
993,1128
1087,726
888,782
1140,774
1014,369
229,1082
321,1085
1037,1026
28,45
995,1029
248,48
406,634
276,790
400,856
436,513
785,667
832,513
377,1101
39,59
1109,498
735,28
465,167
649,513
803,162
212,926
438,680
1016,162
319,988
465,59
700,1094
877,498
1014,732
927,1029
913,1094
20,59
214,827
468,680
913,47
99,59
789,277
1083,229
919,737
360,773
850,637
127,242
550,116
581,634
586,712
185,368
61,827
966,933
190,483
966,704
151,720
362,940
761,420
398,368
668,229
926,753
81,432
475,588
361,715
889,1100
125,475
746,822
1131,404
771,61
754,417
186,1128
1003,1121
215,368
108,242
808,882
290,956
862,1118
216,189
455,242
685,933
107,956
265,81
695,1126
294,782
71,481
250,712
293,1082
637,892
1132,1100
375,892
1140,695
937,595
1014,61
675,595
895,369
349,839
555,944
567,15
417,1010
879,775
956,995
116,1018
515,498
399,552
839,595
1014,1121
552,272
923,939
670,493
362,148
644,1029
532,559
798,944
5,1042
1091,28
283,498
1117,431
1001,485
970,152
455,726
641,1081
190,162
1117,781
208,970
318,613
375,329
526,498
352,1099
998,722
1103,775
998,493
731,903
772,904
1135,727
1014,437
969,960
205,564
667,329
379,1094
557,871
381,874
927,1084
306,471
1044,437
78,55
798,152
285,533
211,355
964,1087
8,935
622,1094
957,1047
198,766
1120,287
839,45
39,369
1128,1087
1021,695
1100,988
978,59
914,340
957,939
1056,918
127,189
1128,269
987,1047
756,397
207,1121
563,756
127,1128
1025,292
628,67
621,1111
781,1100
429,123
615,1067
967,701
889,1047
438,882
567,767
732,1063
959,59
1033,8
606,466
671,595
261,431
541,714
930,526
785,1111
561,134
929,301
139,441
1099,483
240,493
1014,116
345,546
771,129
974,717
504,539
891,948
321,832
836,783
860,588
586,1022
224,606
850,1068
1044,116
420,437
557,671
810,888
130,1129
345,1017
835,127
1014,129
224,498
124,560
845,1074
1120,784
242,552
727,301
621,548
1039,832
287,968
1126,720
554,265
858,905
715,856
1100,438
747,1074
1078,127
794,368
785,548
125,209
1040,774
498,454
921,1082
879,1085
1130,667
1126,962
724,918
792,564
244,466
164,177
945,513
609,564
55,944
321,1100
548,59
1046,272
1120,221
113,104
519,526
238,513
1028,632
12,695
1132,726
576,508
488,395
1076,565
682,116
852,564
664,513
442,400
287,526
989,798
727,798
1140,213
620,177
721,229
50,61
979,753
538,1047
84,59
617,293
815,537
102,601
606,400
107,945
644,655
1084,927
504,123
137,595
269,485
232,832
1008,1053
565,483
1001,1050
519,1010
734,935
120,483
237,1068
271,127
281,1074
570,948
299,1128
990,753
403,956
933,1121
1024,485
537,892
430,537
378,81
555,717
852,940
1113,944
1125,15
216,433
598,498
1011,704
1126,654
638,836
232,148
696,548
546,1018
984,426
835,74
1016,903
1088,254
110,572
628,269
952,595
561,215
953,968
934,726
538,726
956,1010
1121,552
1014,426
799,272
45,564
661,567
773,485
190,164
1117,783
676,552
220,272
767,441
973,775
109,441
274,508
432,1094
504,970
1068,783
956,84
930,849
919,431
203,749
877,434
832,920
959,732
362,513
986,606
261,1104
1100,856
773,498
415,753
998,845
933,221
930,152
71,162
130,513
680,162
495,116
968,565
775,399
835,450
670,871
838,455
731,329
1101,1094
719,763
839,1094
443,1094
825,930
322,804
988,399
50,116
704,640
1017,1100
944,329
25,59
381,1118
656,1094
324,355
862,933
1104,466
552,1121
426,753
1075,933
737,120
293,1126
1012,59
857,939
631,404
108,1117
120,188
736,420
1126,346
111,368
214,1018
352,430
287,944
61,1126
625,939
840,864
996,357
762,944
1137,67
1125,767
242,420
127,433
1128,513
940,987
403,782
70,1067
1028,16
854,654
955,706
895,426
999,483
879,832
428,667
735,595
325,431
209,485
627,769
759,134
519,152
734,77
815,968
152,624
1053,59
1132,123
3,272
352,914
135,162
835,1068
1050,727
1089,655
533,437
1029,1018
12,213
891,1084
1103,940
850,265
216,622
818,956
510,611
898,427
139,109
484,329
1103,832
468,321
277,753
1089,668
1001,784
40,517
928,979
28,399
718,617
285,469
691,864
152,61
465,292
905,564
949,341
1069,672
1014,736
55,1067
760,856
397,804
598,3
890,148
919,849
1062,403
399,59
406,1001
935,564
1014,857
408,1047
1103,148
478,59
939,454
978,116
984,1099
60,485
1087,59
417,988
723,48
1017,229
640,242
494,713
1053,448
579,3
218,549
162,654
695,1117
848,164
552,1068
297,61
1055,642
989,1042
139,606
1126,293
565,714
1081,1045
418,701
579,1063
216,1011
1133,417
635,177
203,483
163,1121
323,319
548,437
792,1063
941,368
550,483
691,422
228,432
766,1010
1117,301
609,1063
213,1063
474,609
501,712
1024,487
265,435
437,956
1015,704
555,948
541,784
1100,482
935,940
993,127
635,419
1058,1010
120,727
87,550
426,16
185,856
479,1074
436,209
790,441
554,430
729,956
498,269
954,1074
398,1085
341,322
530,1012
1131,1121
349,856
696,671
524,564
1002,1128
281,513
951,493
588,441
152,1042
232,513
751,849
448,811
126,760
365,1042
998,726
767,564
1020,744
426,271
627,261
1014,670
935,148
1014,441
193,706
120,164
1085,321
322,564
181,588
891,455
261,59
266,403
895,1099
113,1100
864,968
1073,324
976,162
193,948
1055,455
714,162
636,242
498,537
704,871
222,1127
574,532
453,471
608,116
62,357
213,526
224,126
485,167
25,411
598,1010
301,989
345,766
345,537
862,238
294,720
530,704
998,55
772,466
70,948
1075,238
610,404
727,989
195,1128
890,229
790,254
845,944
246,127
239,905
287,1067
364,1021
1014,120
570,1126
872,939
762,1067
1004,829
715,726
892,130
747,944
438,1128
634,774
888,775
1025,1009
650,903
901,485
546,28
1110,595
572,431
718,485
341,498
239,221
918,775
1023,74
417,493
1014,483
1009,139
109,148
928,968
1008,668
292,498
1073,1063
834,552
949,1027
973,832
785,781
67,272
1044,483
145,1094
280,272
525,39
124,927
237,804
894,1074
859,329
96,47
309,1094
1102,730
128,753
1014,617
55,948
650,340
442,162
309,47
548,292
943,1087
332,933
836,466
598,1052
574,466
601,1094
193,1003
707,995
237,1046
1063,859
60,595
113,229
887,1047
957,59
1089,215
306,772
429,61
608,292
319,189
222,485
203,243
655,1047
772,400
1061,274
139,487
1016,760
792,1052
1024,126
1073,513
973,1100
938,59
586,1068
276,125
326,471
782,485
637,67
229,767
798,695
493,59
438,123
811,368
682,483
720,775
1103,513
869,346
203,485
487,15
934,704
956,988
1102,59
899,188
1021,1117
193,211
526,357
643,942
655,242
130,128
858,601
1023,934
913,537
632,1012
188,483
1014,67
568,475
606,767
105,485
826,999
905,1063
891,1128
784,773
944,762
685,242
329,1132
547,537
216,437
474,732
542,1132
265,329
614,483
466,319
954,1076
921,1128
919,301
984,430
827,483
400,904
606,1009
642,437
886,1026
218,109
1100,726
269,1094
860,1010
1094,948
294,104
276,730
830,84
852,368
540,510
213,152
581,548
1018,1074
372,145
398,1100
915,838
1033,564
215,1100
1114,903
712,859
835,441
978,749
474,169
418,274
984,914
1120,280
550,164
1014,564
976,272
62,346
576,567
1008,749
161,59
170,1047
927,272
1054,47
641,403
775,403
417,695
976,164
874,116
1082,1085
956,680
1140,272
606,567
737,1050
850,927
826,341
332,1001
547,926
170,939
115,1003
863,637
803,357
825,116
527,422
766,704
953,301
557,301
391,763
448,1068
74,827
399,129
1068,224
847,521
12,1117
301,762
3,1068
524,16
454,940
251,123
490,368
913,471
495,483
216,1068
539,526
287,948
438,1117
987,127
973,229
725,127
248,956
50,483
454,832
762,948
211,1074
1040,404
1133,595
704,189
891,15
515,438
845,1067
895,430
504,774
349,671
16,956
384,894
125,1128
901,595
939,887
689,712
926,130
1101,656
283,438
747,1067
162,148
998,420
1003,498
667,1074
515,680
760,713
177,392
849,970
644,272
286,564
277,744
1108,901
849,152
1014,485
501,903
246,613
1120,1140
834,783
388,962
283,680
411,1094
681,726
1075,845
1014,606
546,272
895,914
1044,485
603,513
685,552
282,1101
441,1094
78,1042
1014,498
310,116
1053,426
50,162
537,280
547,968
941,104
271,804
530,506
504,1042
237,927
1044,498
557,1053
481,240
563,804
751,1040
689,162
635,1094
108,116
81,656
466,992
792,933
950,287
319,420
981,805
408,943
162,887
1068,400
269,720
860,636
248,782
792,357
374,369
1014,995
1067,67
43,498
218,1024
978,483
515,493
102,849
205,304
316,549
375,1129
461,903
722,944
1085,767
744,437
988,1063
344,732
283,493
467,1068
135,329
286,498
797,485
888,832
700,552
1014,190
1093,483
583,1135
707,676
939,16
1068,655
1002,301
439,1127
693,485
736,1084
944,67
918,832
238,319
450,498
1011,242
378,329
481,979
935,368
760,781
1012,736
860,904
835,322
888,148
1100,970
776,617
598,988
526,856
619,1047
418,276
1133,221
541,346
1025,395
340,292
804,167
1048,564
880,162
949,521
899,929
381,1003
731,564
573,944
177,944
344,1121
1075,108
39,485
149,882
190,654
892,926
804,59
408,59
826,572
547,928
473,713
624,357
228,128
487,59
838,811
714,287
621,59
755,1042
827,164
603,944
432,537
79,944
583,706
163,120
552,1127
835,927
744,1068
384,762
649,242
403,775
678,714
185,781
107,1127
785,59
919,1042
667,3
711,1012
771,1063
213,1001
929,188
1056,229
845,948
850,1063
836,1128
211,1076
873,229
608,483
979,130
428,781
441,720
926,240
933,953
391,81
811,438
327,325
855,481
134,721
359,1068
1126,944
656,537
1045,726
1007,242
714,892
1113,1126
533,322
1009,251
381,682
804,785
501,784
872,956
811,680
792,438
781,774
1084,546
990,130
725,613
224,856
678,272
1101,1129
707,744
498,341
508,1029
272,1018
731,1074
891,272
495,272
271,564
111,1100
596,849
981,431
642,736
432,926
678,164
636,167
518,148
974,162
934,1029
827,903
1078,485
495,164
541,280
899,513
1055,272
1113,213
414,441
502,59
1126,152
323,996
1023,441
608,162
319,59
442,395
162,755
501,221
162,526
695,989
297,162
8,59
784,280
968,855
1078,498
422,1096
188,929
711,704
232,935
774,989
521,580
832,176
606,395
891,756
926,979
888,229
492,229
903,766
144,714
875,933
1109,1100
286,1063
280,989
954,933
355,116
415,130
766,882
554,999
736,481
918,229
648,368
978,243
386,368
1083,939
720,887
277,546
865,753
964,466
517,420
1069,933
287,1126
837,775
381,495
978,485
105,368
891,1011
663,595
417,1128
995,1068
728,495
211,205
161,613
193,565
481,968
880,485
1119,767
508,613
428,849
722,1067
1078,177
937,726
432,968
981,15
862,552
996,781
701,1129
1004,901
533,498
1102,655
997,1127
1126,783
554,557
1058,319
435,1094
1076,144
967,1140
1025,1081
863,265
152,927
835,203
1024,856
950,678
653,162
1065,601
638,39
1014,784
515,1100
546,450
530,442
1063,676
111,229
914,324
1065,493
656,968
941,1100
254,399
400,224
1126,99
580,1094
781,1084
467,399
598,882
148,767
404,989
321,466
481,189
945,1047
642,1046
772,109
1021,1042
302,1126
892,928
1093,164
1101,513
1120,526
607,944
381,1126
527,426
1045,123
945,939
1089,395
628,1003
1094,510
115,189
934,292
857,8
834,61
355,292
933,3
866,767
664,1047
43,434
1022,526
1085,811
1016,940
726,649
705,526
1014,1052
1081,59
1034,701
664,939
874,483
1111,167
144,1132
1052,526
40,28
427,437
1104,127
476,595
691,483
1002,116
1114,357
761,956
608,485
200,431
453,611
81,968
365,498
1130,301
1111,59
395,606
1014,355
329,252
293,329
838,129
275,955
946,894
803,1074
195,437
448,617
1117,712
1090,242
673,1085
169,1094
1113,1128
827,771
1126,1067
1046,1074
956,134
837,1085
403,564
749,972
912,441
628,682
760,838
481,928
723,956
392,1085
881,1020
34,330
1094,81
911,1128
360,988
700,1093
1001,1021
60,238
1068,28
891,395
818,1085
720,513
310,349
525,274
1053,430
597,564
574,580
613,508
1050,280
873,849
749,59
229,518
616,927
79,988
998,1029
297,164
362,1047
214,129
205,1100
380,1101
213,695
958,583
130,926
815,763
116,762
391,701
518,513
377,537
537,526
403,940
169,773
310,483
967,753
1021,989
145,537
993,109
403,832
1017,466
260,1012
576,760
727,929
474,483
391,714
519,1128
825,417
1088,1056
1108,476
428,717
1085,987
309,537
727,1050
190,1074
785,466
732,1128
597,940
1046,766
108,483
25,485
756,704
761,782
324,781
948,874
301,1063
483,774
102,1082
969,933
573,438
583,1126
110,448
952,471
1062,77
709,713
473,207
20,905
722,948
235,564
670,492
403,148
1068,767
980,654
314,564
290,392
955,1011
1127,300
399,564
707,680
1109,431
1045,904
426,374
524,680
1047,721
193,580
559,903
1104,437
723,782
102,169
129,272
850,557
523,162
984,557
1120,152
303,1098
1073,1016
319,1042
859,498
485,28
891,450
555,272
715,224
152,1050
1014,557
193,822
1053,485
120,280
259,395
823,437
634,272
1023,498
235,940
1014,678
728,55
502,466
717,162
259,516
209,924
474,404
689,329
415,763
1003,933
274,760
478,1
1025,399
452,766
792,1100
979,926
955,340
251,224
523,417
481,420
553,939
110,369
454,704
574,769
477,836
1003,357
309,471
1047,400
128,130
148,782
607,1067
302,431
954,882
915,631
934,644
939,988
648,775
276,415
479,1003
386,775
966,1121
1024,537
1065,1100
768,59
998,292
695,483
1039,1047
266,77
837,832
890,466
661,606
812,775
728,781
1113,1117
1039,939
1126,827
1088,306
384,190
904,485
100,431
1055,129
642,485
685,1121
96,726
526,539
540,437
737,493
93,162
552,676
20,1081
698,767
937,1012
818,832
785,655
969,1001
1127,126
884,368
541,968
934,1128
274,560
707,856
1039,134
894,948
655,437
70,272
837,148
919,483
920,1085
1014,491
670,681
388,968
1095,564
726,438
673,1100
695,859
151,466
959,905
104,162
233,47
1088,790
989,784
994,1128
490,1100
624,1100
736,109
818,148
551,329
207,933
862,1093
222,238
874,164
372,448
36,233
474,580
436,59
1100,1042
515,123
181,772
399,177
844,564
830,400
374,120
346,287
766,644
649,59
626,341
972,749
130,928
923,564
754,755
1124,325
468,923
283,123
164,431
411,537
404,120
1063,988
1076,927
491,8
928,763
243,431
774,67
228,537
1081,224
948,634
695,188
712,357
1130,116
1025,588
937,704
384,3
974,771
1132,162
707,427
299,1127
774,188
526,123
1078,1094
814,755
360,319
852,1047
291,485
1022,704
852,229
301,126
726,827
614,357
863,1061
364,145
1081,466
869,583
62,783
409,827
1094,701
565,1074
105,601
726,948
542,1127
760,532
844,940
355,483
324,904
47,101
979,81
1003,438
923,940
427,736
292,319
850,546
294,99
483,1018
648,1085
610,601
386,1085
482,564
306,567
434,1018
668,956
869,717
542,322
730,1016
1014,546
986,713
812,1085
361,395
1068,1011
736,272
1117,903
974,329
1084,726
239,634
1047,844
904,1024
329,564
403,513
442,441
860,200
760,1016
1067,678
220,513
951,732
596,1029
673,229
707,1045
755,564
490,1047
433,513
567,513
713,567
606,441
229,454
946,280
1075,919
250,513
1014,680
860,442
237,988
1142,1094
615,116
597,513
355,162
596,1042
482,940
790,1056
392,229
299,1
189,129
414,513
937,517
942,632
314,1063
979,928
224,123
397,280
619,127
863,753
25,408
882,766
314,16
676,109
466,1053
3,1063
418,753
994,162
613,699
527,430
1085,923
992,466
1126,695
1126,466
730,466
790,251
163,355
292,240
541,944
756,640
943,466
415,81
43,438
879,939
395,368
59,419
983,767
661,487
838,120
310,903
967,944
84,368
1009,123
832,490
1131,1052
1014,238
974,1068
555,1121
1111,292
450,546
744,498
614,654
466,490
397,656
359,135
938,485
542,485
948,944
927,67
392,726
970,437
579,552
711,442
1010,775
213,431
865,128
774,498
228,968
792,781
16,1085
286,680
709,783
1034,1068
332,567
804,1020
531,1127
287,272
8,857
1140,188
1002,483
391,329
532,39
654,968
635,726
640,804
676,498
564,28
836,450
1025,322
359,498
755,498
586,689
672,729
643,442
206,404
949,448
596,855
427,1046
1022,438
991,859
484,799
547,855
621,804
552,933
891,399
920,1100
949,340
378,753
1085,386
718,1087
955,276
970,1042
510,1094
193,1121
525,399
292,1100
116,874
966,1044
767,1100
624,526
811,123
190,944
945,59
110,426
368,987
1050,526
1098,274
334,292
1110,513
643,1047
495,654
616,126
953,714
161,485
648,832
871,123
760,292
99,775
746,357
1135,583
378,1129
193,329
812,832
1120,948
963,1001
120,726
1071,948
105,832
50,667
707,671
414,126
856,242
928,81
1007,411
869,706
855,542
557,848
224,904
565,968
568,485
388,783
999,671
811,849
47,453
324,1027
1067,546
855,892
850,319
